Accuracy,BalancedAccuracy,WeightedF1,MacroF1,WeightedPrecision,WeightedRecall,ROC_AUC_macro
0.7005571030640668,0.6746929296534938,0.7044247173335959,0.6385898415924776,0.8155287174684116,0.7005571030640668,0.9481485868934575
